CatÃ©gorie* (cp.fk_categorie),Produit* (cp.fk_product)
PANNEAUX,EN-PA-6030-22W-BF
PANNEAUX,EN-PA-6060-42W-BN
RUBANS,EN-ST-5050-5M-SE-BC
AMPOULES,EN-FA-3W-BN
AMPOULES,EN-FA-4W-BN
AMPOULES,EN-FA-3W-BN-D
AMPOULES,EN-FA-4W-BN-D
SPOTS & PAR,EN-MR16-5W-BC
DOWNLIGHTS,EN-DL-COB-20W-BN
AMPOULES,EN-CL-7W-BC
AMPOULES,EN-GB-13W-BN
DOWNLIGHTS,EN-DL-20W-BN
BARRES,EN-RD-5050-72
SPOTS & PAR,EN-MR16-5W-BN
SPOTS & PAR,EN-GU10-5W-BN
ALIMENTATIONS,EN-DR-9W
TUBES,EN-T8-120-18W-BN
TUBES,EN-T8-150-23W-BN
TUBES,EN-T8-60-9W-BN
TUBES,EN-T8-60-9W-BF
TUBES,EN-T8-150-23W-BF
TUBES,EN-T8-120-18W-BF
AMPOULES,EN-CL-12W-BN
AMPOULES,EN-CL-7W-BN
ACCESSOIRES,EN-PA-FIX-SEC
ALIMENTATIONS,EN-DR-18W
ALIMENTATIONS,EN-DR-30W
ALIMENTATIONS,EN-DR-40W
ALIMENTATIONS,EN-DR-60W
ALIMENTATIONS,EN-DR-100W
ALIMENTATIONS,EN-DR-150W
SPOTS & PAR,EN-MR16-5W-BF
SPOTS & PAR,EN-GU10-5W-BC
SPOTS & PAR,EN-GU10-COB-5W-BN-D
SPOTS & PAR,EN-GU10-5W-BF
AMPOULES,EN-CL-7W-BF
AMPOULES,EN-CL-12W-BC
AMPOULES,EN-CL-12W-BF
AMPOULES,EN-FA-3W-BC
AMPOULES,EN-FA-3W-BC-D
AMPOULES,EN-FA-4W-BC
AMPOULES,EN-FA-4W-BC-D
AMPOULES,EN-BU-5W-BC
AMPOULES,EN-BU-5W-BC-D
AMPOULES,EN-BU-5W-BN
AMPOULES,EN-BU-5W-BN-D
AMPOULES,EN-BU-5W-BF
AMPOULES,EN-BU-5W-BF-D
AMPOULES,EN-BU-7W-BC
AMPOULES,EN-BU-7W-BC-D
AMPOULES,EN-BU-7W-BN
AMPOULES,EN-BU-7W-BN-D
AMPOULES,EN-BU-7W-BF
AMPOULES,EN-BU-7W-BF-D
AMPOULES,EN-BU-10W-BC
AMPOULES,EN-BU-10W-BC-D
AMPOULES,EN-BU-10W-BN
AMPOULES,EN-BU-10W-BN-D
AMPOULES,EN-BU-10W-BF
AMPOULES,EN-BU-10W-BF-D
AMPOULES,EN-GB-13W-BC
AMPOULES,EN-GB-13W-BF
PANNEAUX,EN-PA-3030-10W-BC
PANNEAUX,EN-PA-3030-10W-BN
PANNEAUX,EN-PA-3030-10W-BF
PANNEAUX,EN-PA-6030-22W-BC
PANNEAUX,EN-PA-6030-22W-BN
PANNEAUX,EN-PA-6060-42W-BC
PANNEAUX,EN-PA-6060-42W-BF
PANNEAUX,EN-PA-12030-45W-BC
PANNEAUX,EN-PA-12030-45W-BN
PANNEAUX,EN-PA-12030-45W-BF
PANNEAUX,EN-PA-12060-85W-BC
PANNEAUX,EN-PA-12060-85W-BN
PANNEAUX,EN-PA-12060-85W-BF
DOWNLIGHTS,EN-DLR-COB-8W-BN
DOWNLIGHTS,EN-DLR-COB-8W-BF
DOWNLIGHTS,EN-DLR-COB-10W-BN
DOWNLIGHTS,EN-DLR-COB-10W-BF
DOWNLIGHTS,EN-DLR-COB-20W-BN
DOWNLIGHTS,EN-DLR-COB-20W-BF
DOWNLIGHTS,EN-DLR-COB-30W-BN
DOWNLIGHTS,EN-DLR-COB-30W-BF
DOWNLIGHTS,EN-DLRR-COB-38W-BN
DOWNLIGHTS,EN-DLRR-COB-35W-BF
TRACKLIGHTS,EN-RL-COB-10W-BN
TRACKLIGHTS,EN-RL-COB-10W-BF
TRACKLIGHTS,EN-RL-COB-15W-BN
TRACKLIGHTS,EN-RL-COB-15W-BF
TRACKLIGHTS,EN-RL-COB-20W-BN
TRACKLIGHTS,EN-RL-COB-20W-BF
TRACKLIGHTS,EN-RL-COB-30W-BN
TRACKLIGHTS,EN-RL-COB-30W-BF
DOWNLIGHTS,EN-DL-10W-BN
DOWNLIGHTS,EN-DL-10W-BF
DOWNLIGHTS,EN-DL-15W-BN
DOWNLIGHTS,EN-DL-15W-BF
DOWNLIGHTS,EN-DL-18W-BN
DOWNLIGHTS,EN-DL-18W-BF
DOWNLIGHTS,EN-DL-COB-20W-BF
DOWNLIGHTS,EN-DL-COB-15W-BN
DOWNLIGHTS,EN-DL-COB-15W-BF
DOWNLIGHTS,EN-DL-COB-12W-BN
DOWNLIGHTS,EN-DL-COB-12W-BF
FLOODLIGHTS,EN-FL-COB-10W-BN
FLOODLIGHTS,EN-FL-COB-10W-BF
FLOODLIGHTS,EN-FL-COB-20W-BN
FLOODLIGHTS,EN-FL-COB-20W-BF
FLOODLIGHTS,EN-FL-COB-30W-BN
FLOODLIGHTS,EN-FL-COB-30W-BF
FLOODLIGHTS,EN-FL-COB-50W-BN
FLOODLIGHTS,EN-FL-COB-50W-BF
FLOODLIGHTS,EN-FL-COB-100W-BN
FLOODLIGHTS,EN-FL-COB-100W-BF
FLOODLIGHTS,EN-FL-COB-200W-BN
FLOODLIGHTS,EN-FL-COB-200W-BF
BARRES,EN-RD-5050-60
BARRES,EN-RD-5050-48
BARRES,EN-RD-5050-30
RUBANS,EN-ST-5050-5M-SE-BN
RUBANS,EN-ST-5050-5M-SE-BF
RUBANS,EN-ST-5050-5M-E-BC
RUBANS,EN-ST-5050-5M-E-BN
RUBANS,EN-ST-5050-5M-E-BF
RUBANS,EN-STRGB-5050-5M-SE
ACCESSOIRES,EN-CTR-TL-12A
ACCESSOIRES,EN-AMP-12A
ACCESSOIRES,EN-AMP-24A
AMPOULES,EN-R7S-5W-BN
AMPOULES,EN-R7S-5W-BF
AMPOULES,EN-R7S-8W-BN
AMPOULES,EN-R7S-8W-BF
AMPOULES,EN-R7S-10W-BN
AMPOULES,EN-R7S-10W-BF
AMPOULES,EN-R7S-13W-BN
AMPOULES,EN-R7S-13W-BF
AMPOULES,EN-R7S-15W-BN
AMPOULES,EN-R7S-15W-BF
AUTRES,EN-CONDO-8MF
AUTRES,EN-CONDO-12MF
ACCESSOIRES,EN-GU10-BASE
ACCESSOIRES,EN-LUXMETER
ACCESSOIRES,EN-BARRE-49X2
DOWNLIGHTS,EN-DL-COB-10W-BF
DOWNLIGHTS,EN-DL-COB-10W-BN
SPOTS & PAR,EN-PAR38-BN
ACCESSOIRES,EN-PA-FIX-SUSP
ACCESSOIRES,EN-PA-FIX-SAIL
GAMMELLE INDUSTRIELLE,EN-HB-100W
RUBANS,EN-ST-5050-5M-BF
ACCESSOIRES,EN-LUXMET2
AUTRES,EN-CHARBON
HUBLOTS,EN-HUB-18W
ACCESSOIRES,EN-BARRESOL
FLOODLIGHTS,EN-FL-10W-RGB
FLOODLIGHTS,EN-FL-20W-RGB
FLOODLIGHTS,EN-FL-30W-RGB
FLOODLIGHTS,EN-FL-60W-RGB
PANNEAUX,EN-PA-6060-52W-RGB
ACCESSOIRES,EN-CTRL-PA-RGB
FLOODLIGHTS,EN-FL-COB-10W-DET
FLOODLIGHTS,EN-FL-COB-20W-DET
FLOODLIGHTS,EN-FL-COB-30W-DET
FLOODLIGHTS,EN-FL-COB-50W-DET
TUBES,EN-T8-120-18W-DET
TUBES,EN-T8-60-9W-DET
TUBES,EN-T8-150-23W-DET
RUBANS,EN-ST-5050-5M-BC
AMPOULES,EN-MUS
ALIMENTATIONS,EN-DR-200W
GAMMELLE INDUSTRIELLE,EN-HB-150W
AMPOULES,EN-BU3-9W-BC
SPOTS & PAR,EN-GU10-7W-BC
SPOTS & PAR,EN-GU10-7W-BF
SPOTS & PAR,EN-GU10-7W-BN
AMPOULES,EN-BU3-9W-BN
AMPOULES,EN-BU3-9W-BF
RUBANS,EN-ST-DIM
RUBANS,EN-ST60-BN
RUBANS,EN-STRGB-E
AMPOULES,EN-UR-27W
AMPOULES,EN-UR-36W
AMPOULES,EN-UR-54W
ACCESSOIRES,EN-KIT-PERS
AMPOULES,EN-FA3-6W-BC
TUBES,EN-T8-120-23W-BN
HUBLOTS,EN-HUB-20W-BF
HUBLOTS,EN-HUB-20W-BF-DT
DOWNLIGHTS,EN-DL-COB-20W-BN-D
PANNEAUX,EN-PA-6060-30W-BN
ACCESSOIRES,EN-PA-DIM
AMPOULES,EN-BU3-13W-BN
AMPOULES,EN-BU3-6W-BN
HUBLOTS,EN-HUB-10W-BF
DOWNLIGHTS,EN-DL-7W-BN
RUBANS,EN-ST30-E
SPOTS & PAR,EN-GU10-5W-BC-L
SPOTS & PAR,EN-GU10-5W-BN-L
SPOTS & PAR,EN-GU10-5W-BF-L
SPOTS & PAR,EN-MR16-5W-BC-L
SPOTS & PAR,EN-MR16-5W-BN-L
SPOTS & PAR,EN-MR16-5W-BF-L
ACCESSOIRES,EN-PROFIL
PANNEAUX,EN-DE-6060-IP65-48W
AUTRES,EN-ENC-1X28-T5
PANNEAUX,EN-DS-6060-IP65-48W
TUBES,EN-BES-150-40W
PANNEAUX,EN-DE-6060-T5-3X14W
DOWNLIGHTS,EN-DLE-18W
WALL-WASHER,EN-WW-18W
WALL-WASHER,EN-WW-36W
HUBLOTS,EN-HUB-30W-BF
AMPOULES,EN-B22-10W-BF
AMPOULES,EN-B22-10W-BN
AMPOULES,EN-B22-5W-BF
AMPOULES,EN-B22-5W-BN
AMPOULES,EN-B22-7W-BF
AMPOULES,EN-B22-7W-BN
SPOTS & PAR,EN-GU10-7W-BC-L
SPOTS & PAR,EN-GU10-7W-BF-L
SPOTS & PAR,EN-GU10-7W-BN-L
